[{"GRA": "0.006116202624475864", "Taxonomy": "Viruses =ssDNA viruses =N/A =Anelloviridae =N/A =Alphatorquevirus =Torque teno virus 27 "}, {"GRA": "7.456365353280116e-05", "Taxonomy": "Viruses =dsDNA viruses no RNA stage =Caudovirales =Siphoviridae =N/A =N/A =Leuconostoc phage phiLNTR2 "}, {"GRA": "7.2673546073505245e-06", "Taxonomy": "Viruses =dsDNA viruses no RNA stage =N/A =Adenoviridae =N/A =Mastadenovirus =Simian adenovirus 49 "}, {"GRA": "0.00010602178511566304", "Taxonomy": "Viruses =dsDNA viruses no RNA stage =Caudovirales =Podoviridae =N/A =Bppunalikevirus =Bordetella phage BIP-1 "}, {"GRA": "3.8437262259458994e-05", "Taxonomy": "Viruses =dsDNA viruses no RNA stage =Caudovirales =Siphoviridae =N/A =D3112likevirus =Pseudomonas phage DMS3 "}, {"GRA": "3.253488615430835e-05", "Taxonomy": "Viruses =dsDNA viruses no RNA stage =Caudovirales =Siphoviridae =N/A =D3112likevirus =Pseudomonas phage MP38 "}, {"GRA": "0.0001757494236285591", "Taxonomy": "Viruses =dsDNA viruses no RNA stage =Caudovirales =Myoviridae =N/A =T4likevirus =Synechococcus phage ACG-2014e "}, {"GRA": "0.001157919224103104", "Taxonomy": "Viruses =dsDNA viruses no RNA stage =Caudovirales =Siphoviridae =N/A =Sfi1unalikevirus =Streptococcus phage 858 "}, {"GRA": "2.8643685069145665e-05", "Taxonomy": "Viruses =dsDNA viruses no RNA stage =Caudovirales =Myoviridae =N/A =P2likevirus =Enterobacteria phage PsP3 "}, {"GRA": "0.014170210529302507", "Taxonomy": "Viruses =dsDNA viruses no RNA stage =Caudovirales =Siphoviridae =N/A =N/A =Leuconostoc phage phiLN03 "}, {"GRA": "3.3023365949644006e-05", "Taxonomy": "Viruses =ssDNA viruses =N/A =Geminiviridae =N/A =Begomovirus =Macroptilium yellow mosaic virus "}, {"GRA": "0.0019323671497584536", "Taxonomy": "Viruses =dsDNA viruses no RNA stage =Caudovirales =Siphoviridae =N/A =N/A =Lactobacillus phage JCL1032 "}, {"GRA": "0.0003220611916264089", "Taxonomy": "Viruses =dsDNA viruses no RNA stage =N/A =Poxviridae =N/A =Orthopoxvirus =Monkeypox virus Zaire-96-I-16 "}, {"GRA": "2.2794933367271105e-05", "Taxonomy": "Viruses =ssDNA viruses =N/A =Geminiviridae =N/A =Begomovirus =Sida mosaic Bolivia virus 1 "}, {"GRA": "0.05764895330112719", "Taxonomy": "Viruses =dsDNA viruses no RNA stage =Caudovirales =Siphoviridae =N/A =N/A =Lactococcus phage P087 "}, {"GRA": "9.528241942945251e-05", "Taxonomy": "Viruses =dsDNA viruses no RNA stage =Caudovirales =Siphoviridae =N/A =Yualikevirus =Pseudomonas phage M6 "}, {"GRA": "8.64669422804033e-05", "Taxonomy": "Viruses =dsDNA viruses no RNA stage =Caudovirales =Siphoviridae =N/A =N/A =Leuconostoc phage phiLNTR3 "}, {"GRA": "0.00016103059581320446", "Taxonomy": "Viruses =dsDNA viruses no RNA stage =Caudovirales =Myoviridae =N/A =N/A =Listeria phage LMSP-25 "}, {"GRA": "3.9390021007109295e-05", "Taxonomy": "Viruses =dsDNA viruses no RNA stage =Caudovirales =Siphoviridae =N/A =N/A =Lactococcus phage P078 "}, {"GRA": "0.00016103059581320446", "Taxonomy": "Viruses =dsDNA viruses no RNA stage =Caudovirales =Siphoviridae =N/A =Phietalikevirus =Staphylococcus phage 52A "}, {"GRA": "3.3357883495935828e-06", "Taxonomy": "Viruses =dsDNA viruses no RNA stage =Caudovirales =N/A =N/A =N/A =Bacillus phage Grass "}, {"GRA": "0.0003220611916264089", "Taxonomy": "Viruses =ssDNA viruses =N/A =Parvoviridae =N/A =Bocaparvovirus =Human bocavirus 3 "}, {"GRA": "0.0003220611916264089", "Taxonomy": "Viruses =dsDNA viruses no RNA stage =Caudovirales =Myoviridae =N/A =N/A =Pseudomonas phage PaBG "}, {"GRA": "6.329169914374986e-06", "Taxonomy": "Viruses =dsDNA viruses no RNA stage =N/A =Adenoviridae =N/A =Mastadenovirus =Human mastadenovirus E "}, {"GRA": "0.00016103059581320446", "Taxonomy": "Viruses =dsDNA viruses no RNA stage =Caudovirales =Myoviridae =N/A =T4likevirus =Synechococcus phage S-RSM4 "}, {"GRA": "0.00016103059581320446", "Taxonomy": "Viruses =dsDNA viruses no RNA stage =Caudovirales =Siphoviridae =N/A =N/A =Streptococcus phage M102 "}, {"GRA": "0.00020172434060094322", "Taxonomy": "Viruses =dsDNA viruses no RNA stage =Caudovirales =Siphoviridae =N/A =N/A =Lactobacillus phage PL-1 "}, {"GRA": "0.00041954046521259884", "Taxonomy": "Viruses =dsDNA viruses no RNA stage =Caudovirales =Siphoviridae =N/A =Sfi1unalikevirus =Streptococcus phage O1205 "}, {"GRA": "0.0005763398243581004", "Taxonomy": "Viruses =dsDNA viruses no RNA stage =Caudovirales =Siphoviridae =N/A =N/A =Lactococcus phage jm3 "}, {"GRA": "1.4682226028383252e-05", "Taxonomy": "Viruses =dsDNA viruses no RNA stage =Caudovirales =Siphoviridae =N/A =Lambdalikevirus =Enterobacteria phage mEpX1 "}, {"GRA": "0.0030404155024216463", "Taxonomy": "Viruses =Retro-transcribing viruses =N/A =Retroviridae =N/A =Gammaretrovirus =Spleen focus-forming virus "}, {"GRA": "8.761467750717072e-05", "Taxonomy": "Viruses =dsDNA viruses no RNA stage =Caudovirales =Podoviridae =N/A =P22likevirus =Enterobacteria phage ST104 "}, {"GRA": "0.00013963996028531827", "Taxonomy": "Viruses =dsDNA viruses no RNA stage =Caudovirales =Siphoviridae =N/A =N/A =Enterobacteria phage ES18 "}, {"GRA": "0.0003220611916264089", "Taxonomy": "Viruses =dsDNA viruses no RNA stage =N/A =Phycodnaviridae =N/A =Coccolithovirus =Emiliania huxleyi virus 86 "}, {"GRA": "0.04404214548452609", "Taxonomy": "Viruses =dsDNA viruses no RNA stage =Caudovirales =Siphoviridae =N/A =N/A =Lactococcus phage Q54 "}, {"GRA": "0.0014066970639199305", "Taxonomy": "Viruses =dsDNA viruses no RNA stage =Caudovirales =Siphoviridae =N/A =Skunalikevirus =Lactococcus phage bIBB29 "}, {"GRA": "3.5216637536394644e-05", "Taxonomy": "Viruses =dsDNA viruses no RNA stage =Caudovirales =Siphoviridae =N/A =N/A =Propionibacterium phage PHL113M01 "}, {"GRA": "0.00016103059581320446", "Taxonomy": "Viruses =dsDNA viruses no RNA stage =Caudovirales =Siphoviridae =N/A =N/A =Lactococcus phage 1706 "}, {"GRA": "3.842565652175202e-05", "Taxonomy": "Viruses =dsDNA viruses no RNA stage =Caudovirales =Myoviridae =N/A =N/A =Edwardsiella phage MSW-3 "}, {"GRA": "0.00016103059581320446", "Taxonomy": "Viruses =dsDNA viruses no RNA stage =Caudovirales =Podoviridae =N/A =N/A =Ralstonia phage RSK1 "}, {"GRA": "0.043455275757823805", "Taxonomy": "Viruses =dsDNA viruses no RNA stage =N/A =Adenoviridae =N/A =Mastadenovirus =Human mastadenovirus C "}, {"GRA": "0.00016103059581320446", "Taxonomy": "Viruses =dsDNA viruses no RNA stage =Caudovirales =Siphoviridae =N/A =N/A =Lactobacillus prophage Lj965 "}, {"GRA": "4.557173921781523e-05", "Taxonomy": "Viruses =dsDNA viruses no RNA stage =Caudovirales =Siphoviridae =N/A =N/A =Lactococcus phage phi7 "}, {"GRA": "1.9704957330053125e-07", "Taxonomy": "Viruses =dsDNA viruses no RNA stage =Caudovirales =Siphoviridae =N/A =Sfi1unalikevirus =Streptococcus phage Sfi11 "}, {"GRA": "0.011713632823276232", "Taxonomy": "Viruses =ssDNA viruses =N/A =Anelloviridae =N/A =Alphatorquevirus =Torque teno virus 19 "}, {"GRA": "0.0031333952131748196", "Taxonomy": "Viruses =dsDNA viruses no RNA stage =Caudovirales =Siphoviridae =N/A =N/A =Lactococcus phage BK5-T "}, {"GRA": "0.0011651803164723536", "Taxonomy": "Viruses =Retro-transcribing viruses =N/A =Retroviridae =N/A =Gammaretrovirus =Moloney murine leukemia virus "}, {"GRA": "0.02557446354304864", "Taxonomy": "Viruses =dsDNA viruses no RNA stage =Caudovirales =Siphoviridae =N/A =N/A =Leuconostoc phage phiLN04 "}, {"GRA": "0.05873208823908469", "Taxonomy": "Viruses =dsDNA viruses no RNA stage =Caudovirales =Siphoviridae =N/A =N/A =Lactococcus phage ul36 "}, {"GRA": "0.0004830917874396134", "Taxonomy": "Viruses =dsDNA viruses no RNA stage =Caudovirales =Siphoviridae =N/A =Lambdalikevirus =Enterobacteria phage HK022 "}, {"GRA": "4.773780597801101e-05", "Taxonomy": "Viruses =dsDNA viruses no RNA stage =Caudovirales =Myoviridae =N/A =Twortlikevirus =Staphylococcus phage vB_SauM_Remus "}, {"GRA": "8.054087080759906e-05", "Taxonomy": "Viruses =dsDNA viruses no RNA stage =N/A =N/A =N/A =N/A =Sulfitobacter phage pCB2047-A "}, {"GRA": "3.120711040622486e-05", "Taxonomy": "Viruses =dsDNA viruses no RNA stage =Caudovirales =Siphoviridae =N/A =N/A =Staphylococcus phage StB12 "}, {"GRA": "0.00889431966435731", "Taxonomy": "Viruses =ssDNA viruses =N/A =Anelloviridae =N/A =Alphatorquevirus =Torque teno virus 10 "}, {"GRA": "5.7155183419081346e-05", "Taxonomy": "Viruses =dsDNA viruses no RNA stage =Caudovirales =Siphoviridae =N/A =N/A =Propionibacterium phage P100_1 "}, {"GRA": "4.032621285596718e-06", "Taxonomy": "Viruses =ssDNA viruses =N/A =Inoviridae =N/A =N/A =Stenotrophomonas phage phiSMA7 "}, {"GRA": "3.014523823814079e-05", "Taxonomy": "Viruses =dsDNA viruses no RNA stage =Caudovirales =Siphoviridae =N/A =N/A =Lactococcus phage P162 "}, {"GRA": "0.00017490598597350707", "Taxonomy": "Viruses =dsDNA viruses no RNA stage =Caudovirales =Siphoviridae =N/A =N/A =Propionibacterium phage P100D "}, {"GRA": "0.00016103059581320446", "Taxonomy": "Viruses =Retro-transcribing viruses =N/A =Retroviridae =N/A =N/A =Avian endogenous retrovirus EAV-HP "}, {"GRA": "0.0003220611916264089", "Taxonomy": "Viruses =dsDNA viruses no RNA stage =Caudovirales =Siphoviridae =N/A =Phifllikevirus =Enterococcus phage phiFL3A "}, {"GRA": "1.5875548597229482e-05", "Taxonomy": "Viruses =dsDNA viruses no RNA stage =Caudovirales =Myoviridae =N/A =N/A =Edwardsiella phage PEi21 "}, {"GRA": "3.079077711620717e-05", "Taxonomy": "Viruses =ssDNA viruses =N/A =Geminiviridae =N/A =Begomovirus =Squash leaf curl virus "}, {"GRA": "0.0003220611916264089", "Taxonomy": "Viruses =dsDNA viruses no RNA stage =Caudovirales =Siphoviridae =N/A =Phie125likevirus =Burkholderia phage phi1026b "}, {"GRA": "0.00016103059581320446", "Taxonomy": "Viruses =dsDNA viruses no RNA stage =Caudovirales =Myoviridae =N/A =N/A =Bacillus phage G "}, {"GRA": "3.4088740410305355e-05", "Taxonomy": "Viruses =dsDNA viruses no RNA stage =Caudovirales =Siphoviridae =N/A =N/A =Propionibacterium phage PAS50 "}, {"GRA": "0.02373390657566946", "Taxonomy": "Viruses =dsDNA viruses no RNA stage =Caudovirales =Siphoviridae =N/A =N/A =Leuconostoc phage phiLN6B "}, {"GRA": "0.0004830917874396134", "Taxonomy": "Viruses =dsDNA viruses no RNA stage =Caudovirales =Siphoviridae =N/A =N/A =Listeria phage A118 "}, {"GRA": "0.0012344747418909904", "Taxonomy": "Viruses =ssDNA viruses =N/A =Anelloviridae =N/A =Alphatorquevirus =Torque teno virus 4 "}, {"GRA": "0.00011751955279143608", "Taxonomy": "Viruses =dsDNA viruses no RNA stage =Caudovirales =Siphoviridae =N/A =N/A =Propionibacterium phage ATCC29399B_T "}, {"GRA": "0.0001298234854069796", "Taxonomy": "Viruses =dsDNA viruses no RNA stage =Caudovirales =Siphoviridae =N/A =N/A =Staphylococcus phage StB27 "}, {"GRA": "0.00015812097523732442", "Taxonomy": "Viruses =dsDNA viruses no RNA stage =Caudovirales =Siphoviridae =N/A =Sfi21dtunalikevirus =Streptococcus phage Abc2 "}, {"GRA": "0.00016103059581320446", "Taxonomy": "Viruses =dsDNA viruses no RNA stage =Caudovirales =Siphoviridae =N/A =N/A =Brochothrix phage BL3 "}, {"GRA": "0.017559249087804575", "Taxonomy": "Viruses =dsDNA viruses no RNA stage =Caudovirales =Siphoviridae =N/A =N/A =Lactococcus phage P335 sensu lato "}, {"GRA": "0.016234211001462495", "Taxonomy": "Viruses =ssDNA viruses =N/A =Anelloviridae =N/A =Alphatorquevirus =Torque teno virus 16 "}, {"GRA": "0.0003220611916264089", "Taxonomy": "Viruses =dsDNA viruses no RNA stage =Caudovirales =Siphoviridae =N/A =N/A =Burkholderia phage KL1 "}, {"GRA": "2.366418485827862e-05", "Taxonomy": "Viruses =dsDNA viruses no RNA stage =Caudovirales =Myoviridae =N/A =N/A =Lactobacillus phage Lb338-1 "}, {"GRA": "7.573431325868883e-08", "Taxonomy": "Viruses =dsDNA viruses no RNA stage =N/A =Polyomaviridae =N/A =Polyomavirus =Simian virus 40 "}, {"GRA": "9.248174791060474e-05", "Taxonomy": "Viruses =dsDNA viruses no RNA stage =N/A =Mimiviridae =N/A =N/A =Megavirus lba "}, {"GRA": "0.0003220611916264089", "Taxonomy": "Viruses =dsDNA viruses no RNA stage =N/A =Phycodnaviridae =N/A =Chlorovirus =Paramecium bursaria Chlorella virus FR483 "}, {"GRA": "0.03324925157618105", "Taxonomy": "Viruses =dsDNA viruses no RNA stage =Caudovirales =Siphoviridae =N/A =N/A =Lactococcus phage BM13 "}, {"GRA": "0.0004257512636584293", "Taxonomy": "Viruses =dsDNA viruses no RNA stage =Caudovirales =Siphoviridae =N/A =Sfi21dtunalikevirus =Streptococcus phage DT1 "}, {"GRA": "0.011480996586393441", "Taxonomy": "Viruses =ssDNA viruses =N/A =Anelloviridae =N/A =Alphatorquevirus =Torque teno virus 7 "}, {"GRA": "0.0003268837555822565", "Taxonomy": "Viruses =ssRNA viruses =N/A =Flaviviridae =N/A =Pestivirus =Bovine viral diarrhea virus 1 "}, {"GRA": "1.941705999717576e-05", "Taxonomy": "Viruses =dsDNA viruses no RNA stage =Caudovirales =Myoviridae =N/A =P2likevirus =Enterobacteria phage P2 "}, {"GRA": "0.016949982115871096", "Taxonomy": "Viruses =ssDNA viruses =N/A =Anelloviridae =N/A =Alphatorquevirus =Torque teno virus 8 "}, {"GRA": "0.00016103059581320446", "Taxonomy": "Viruses =dsDNA viruses no RNA stage =Caudovirales =Podoviridae =N/A =N/A =Burkholderia phage Bcep22 "}, {"GRA": "0.007270927580557589", "Taxonomy": "Viruses =ssDNA viruses =N/A =Anelloviridae =N/A =Alphatorquevirus =Torque teno virus 12 "}, {"GRA": "0.0011272141706924312", "Taxonomy": "Viruses =dsDNA viruses no RNA stage =Caudovirales =Myoviridae =N/A =P2likevirus =Stenotrophomonas phage Smp131 "}, {"GRA": "3.3431393461871495e-05", "Taxonomy": "Viruses =dsDNA viruses no RNA stage =Caudovirales =Siphoviridae =N/A =N/A =Lactococcus phage jm2 "}, {"GRA": "1.4862489413080742e-05", "Taxonomy": "Viruses =dsDNA viruses no RNA stage =Caudovirales =Siphoviridae =N/A =Lambdalikevirus =Enterobacteria phage HK633 "}, {"GRA": "0.00016103059581320446", "Taxonomy": "Viruses =Retro-transcribing viruses =N/A =Hepadnaviridae =N/A =Orthohepadnavirus =Woodchuck hepatitis virus "}, {"GRA": "1.329696505299904e-05", "Taxonomy": "Viruses =dsDNA viruses no RNA stage =Caudovirales =Siphoviridae =N/A =D3likevirus =Pseudomonas phage PMG1 "}, {"GRA": "0.00016103059581320446", "Taxonomy": "Viruses =dsDNA viruses no RNA stage =Caudovirales =Myoviridae =N/A =N/A =Lactobacillus phage LP65 "}, {"GRA": "0.00016103059581320446", "Taxonomy": "Viruses =dsDNA viruses no RNA stage =N/A =Mimiviridae =N/A =Mimivirus =Acanthamoeba polyphaga mimivirus "}, {"GRA": "0.027949025983025115", "Taxonomy": "Viruses =dsDNA viruses no RNA stage =Caudovirales =Siphoviridae =N/A =N/A =Lactococcus phage TP901-1 "}, {"GRA": "0.020963270122949924", "Taxonomy": "Viruses =dsDNA viruses no RNA stage =Caudovirales =Siphoviridae =N/A =N/A =Leuconostoc phage phiLN12 "}, {"GRA": "0.0002791059583635502", "Taxonomy": "Viruses =dsDNA viruses no RNA stage =Caudovirales =Siphoviridae =N/A =Chilikevirus =Salmonella phage FSLSP088 "}, {"GRA": "8.48885546014819e-05", "Taxonomy": "Viruses =ssDNA viruses =N/A =Inoviridae =N/A =Inovirus =Ralstonia phage RSM3 "}, {"GRA": "4.938501559987943e-05", "Taxonomy": "Viruses =dsDNA viruses no RNA stage =Caudovirales =Siphoviridae =N/A =N/A =Lactococcus phage P092 "}, {"GRA": "4.2110320968074935e-05", "Taxonomy": "Viruses =dsDNA viruses no RNA stage =Caudovirales =Siphoviridae =N/A =N/A =Lactococcus phage P118 "}, {"GRA": "7.78160725521663e-06", "Taxonomy": "Viruses =dsDNA viruses no RNA stage =Caudovirales =Siphoviridae =N/A =Skunalikevirus =Lactococcus phage bIL170 "}, {"GRA": "9.003958319910803e-05", "Taxonomy": "Viruses =dsDNA viruses no RNA stage =Caudovirales =Siphoviridae =N/A =Chilikevirus =Salmonella phage Chi "}, {"GRA": "0.0013517960887326503", "Taxonomy": "Viruses =dsDNA viruses no RNA stage =Caudovirales =Siphoviridae =N/A =Sfi21dtunalikevirus =Streptococcus phage 7201 "}, {"GRA": "0.000720608576032402", "Taxonomy": "Viruses =Retro-transcribing viruses =N/A =Retroviridae =N/A =Gammaretrovirus =Rauscher murine leukemia virus "}, {"GRA": "0.00031802857034081216", "Taxonomy": "Viruses =ssDNA viruses =N/A =Inoviridae =N/A =N/A =Stenotrophomonas phage phiSHP2 "}, {"GRA": "0.0006122158248911675", "Taxonomy": "Viruses =Retro-transcribing viruses =N/A =Retroviridae =N/A =Gammaretrovirus =Friend murine leukemia virus "}, {"GRA": "0.004190749398519086", "Taxonomy": "Viruses =dsDNA viruses no RNA stage =Caudovirales =Siphoviridae =N/A =N/A =Lactococcus phage bIL311 "}, {"GRA": "0.00010796089325271876", "Taxonomy": "Viruses =dsDNA viruses no RNA stage =Caudovirales =Siphoviridae =N/A =N/A =Lactococcus phage P680 "}, {"GRA": "4.897646361557747e-06", "Taxonomy": "Viruses =dsDNA viruses no RNA stage =N/A =Adenoviridae =N/A =Mastadenovirus =Chimpanzee adenovirus Y25 "}, {"GRA": "0.00010339963804221278", "Taxonomy": "Viruses =dsDNA viruses no RNA stage =Caudovirales =Siphoviridae =N/A =N/A =Lactobacillus phage J-1 "}, {"GRA": "2.0309470362288454e-05", "Taxonomy": "Viruses =dsDNA viruses no RNA stage =Caudovirales =N/A =N/A =N/A =Staphylococcus phage SA11 "}, {"GRA": "2.0708163528047196e-06", "Taxonomy": "Viruses =ssDNA viruses =N/A =Anelloviridae =N/A =Alphatorquevirus =Torque teno virus 2 "}, {"GRA": "0.00016103059581320446", "Taxonomy": "Viruses =dsDNA viruses no RNA stage =Caudovirales =Siphoviridae =N/A =N/A =Streptococcus phage phi3396 "}, {"GRA": "0.004434007071405744", "Taxonomy": "Viruses =Retro-transcribing viruses =N/A =Retroviridae =N/A =Gammaretrovirus =Murine type C retrovirus "}, {"GRA": "0.00016103059581320446", "Taxonomy": "Viruses =dsDNA viruses no RNA stage =N/A =Phycodnaviridae =N/A =Chlorovirus =Acanthocystis turfacea Chlorella virus 1 "}, {"GRA": "0.0026015001275090342", "Taxonomy": "Viruses =Retro-transcribing viruses =N/A =Retroviridae =N/A =Gammaretrovirus =PreXMRV-1 "}, {"GRA": "0.00744666258010006", "Taxonomy": "Viruses =ssDNA viruses =N/A =Anelloviridae =N/A =Alphatorquevirus =Torque teno virus 28 "}, {"GRA": "0.00016103059581320446", "Taxonomy": "Viruses =Retro-transcribing viruses =N/A =Retroviridae =N/A =Alpharetrovirus =Avian leukosis virus "}, {"GRA": "0.0007765092939968765", "Taxonomy": "Viruses =dsDNA viruses no RNA stage =Caudovirales =Myoviridae =N/A =N/A =Salmonella phage FSL SP-004 "}, {"GRA": "0.0006319815469488959", "Taxonomy": "Viruses =dsDNA viruses no RNA stage =Caudovirales =Siphoviridae =N/A =N/A =Lactococcus phage phiL47 "}, {"GRA": "7.614204121172257e-05", "Taxonomy": "Viruses =ssDNA viruses =N/A =Inoviridae =N/A =Inovirus =Ralstonia phage RSM1 "}, {"GRA": "0.0021311766495107766", "Taxonomy": "Viruses =dsDNA viruses no RNA stage =Caudovirales =Myoviridae =N/A =N/A =Shigella phage SfIV "}, {"GRA": "6.005309478376359e-05", "Taxonomy": "Viruses =dsDNA viruses no RNA stage =Caudovirales =Siphoviridae =N/A =N/A =Streptococcus phage TP-J34 "}, {"GRA": "0.00016103059581320446", "Taxonomy": "Viruses =dsDNA viruses no RNA stage =Caudovirales =Podoviridae =N/A =N/A =Pseudomonas phage AF "}, {"GRA": "0.00016103059581320446", "Taxonomy": "Viruses =dsDNA viruses no RNA stage =Caudovirales =Myoviridae =N/A =N/A =Synechococcus phage S-CRM01 "}, {"GRA": "0.00040180589535533065", "Taxonomy": "Viruses =dsDNA viruses no RNA stage =Caudovirales =Myoviridae =N/A =P2likevirus =Enterobacteria phage fiAA91-ss "}, {"GRA": "0.0003172386276705613", "Taxonomy": "Viruses =ssRNA viruses =N/A =Flaviviridae =N/A =Pestivirus =Pestivirus Giraffe-1 "}, {"GRA": "0.00012438200440234996", "Taxonomy": "Viruses =dsDNA viruses no RNA stage =Caudovirales =Siphoviridae =N/A =Skunalikevirus =Lactococcus phage 712 "}, {"GRA": "0.013163139263307392", "Taxonomy": "Viruses =dsDNA viruses no RNA stage =Caudovirales =Siphoviridae =N/A =N/A =Lactococcus phage bIL286 "}, {"GRA": "0.005422395739932274", "Taxonomy": "Viruses =ssDNA viruses =N/A =Anelloviridae =N/A =Alphatorquevirus =Torque teno virus 1 "}, {"GRA": "0.1488799983945745", "Taxonomy": "Viruses =ssDNA viruses =N/A =Anelloviridae =N/A =N/A =Torque teno virus "}, {"GRA": "0.004991948470209338", "Taxonomy": "Viruses =dsDNA viruses no RNA stage =Caudovirales =Siphoviridae =N/A =N/A =Lactobacillus phage LF1 "}, {"GRA": "0.007586616977513102", "Taxonomy": "Viruses =ssDNA viruses =N/A =Anelloviridae =N/A =Alphatorquevirus =Torque teno virus 6 "}, {"GRA": "6.186883208710694e-05", "Taxonomy": "Viruses =dsDNA viruses no RNA stage =Caudovirales =Myoviridae =N/A =P2likevirus =Yersinia phage L-413C "}, {"GRA": "0.00016103059581320446", "Taxonomy": "Viruses =dsDNA viruses no RNA stage =Caudovirales =Siphoviridae =N/A =N/A =Microbacterium phage Min1 "}, {"GRA": "0.00011082244504790936", "Taxonomy": "Viruses =dsDNA viruses no RNA stage =Caudovirales =Podoviridae =N/A =Bppunalikevirus =Bordetella phage BPP-1 "}, {"GRA": "0.00016103059581320446", "Taxonomy": "Viruses =dsDNA viruses no RNA stage =Caudovirales =Siphoviridae =N/A =N/A =Lactobacillus phage A2 "}, {"GRA": "6.598334626503278e-05", "Taxonomy": "Viruses =dsDNA viruses no RNA stage =Caudovirales =Myoviridae =N/A =Twortlikevirus =Staphylococcus phage vB_SauM_Romulus "}, {"GRA": "0.0053140096618357465", "Taxonomy": "Viruses =dsDNA viruses no RNA stage =Caudovirales =Siphoviridae =N/A =N/A =Lactobacillus phage phiAT3 "}, {"GRA": "6.854884790259973e-05", "Taxonomy": "Viruses =dsDNA viruses no RNA stage =N/A =Mimiviridae =N/A =N/A =Megavirus chiliensis "}, {"GRA": "0.02692922866801284", "Taxonomy": "Viruses =ssDNA viruses =N/A =Anelloviridae =N/A =Alphatorquevirus =Torque teno virus 3 "}, {"GRA": "9.346765748794212e-05", "Taxonomy": "Viruses =dsDNA viruses no RNA stage =Caudovirales =Siphoviridae =N/A =N/A =Enterobacteria phage Chi "}, {"GRA": "4.050534871493841e-05", "Taxonomy": "Viruses =dsDNA viruses no RNA stage =Caudovirales =Siphoviridae =N/A =N/A =Salmonella phage vB_SosS_Oslo "}, {"GRA": "8.96917714139769e-05", "Taxonomy": "Viruses =dsDNA viruses no RNA stage =Caudovirales =Siphoviridae =N/A =Skunalikevirus =Lactococcus phage P008 "}, {"GRA": "2.525242472213417e-05", "Taxonomy": "Viruses =dsDNA viruses no RNA stage =Caudovirales =Siphoviridae =N/A =D3112likevirus =Pseudomonas phage D3112 "}, {"GRA": "0.0003220611916264089", "Taxonomy": "Viruses =dsDNA viruses no RNA stage =Caudovirales =Podoviridae =N/A =N/A =Lactococcus phage KSY1 "}, {"GRA": "0.002138886063929705", "Taxonomy": "Viruses =dsDNA viruses no RNA stage =Caudovirales =Siphoviridae =N/A =N/A =Lactobacillus phage phiJB "}, {"GRA": "2.1850707088807405e-08", "Taxonomy": "Viruses =Retro-transcribing viruses =N/A =Retroviridae =N/A =Gammaretrovirus =Abelson murine leukemia virus "}, {"GRA": "0.0003220611916264089", "Taxonomy": "Viruses =dsDNA viruses no RNA stage =Caudovirales =Siphoviridae =N/A =N/A =Flavobacterium phage 11b "}, {"GRA": "0.00016103059581320446", "Taxonomy": "Viruses =dsDNA viruses no RNA stage =Caudovirales =Podoviridae =N/A =Phikmvlikevirus =Xylella phage Prado "}, {"GRA": "0.03655394524959741", "Taxonomy": "Viruses =Retro-transcribing viruses =N/A =Retroviridae =N/A =N/A =Human endogenous retrovirus K113 "}, {"GRA": "3.518529528556152e-05", "Taxonomy": "Viruses =dsDNA viruses no RNA stage =Caudovirales =Siphoviridae =N/A =N/A =Propionibacterium phage P105 "}, {"GRA": "0.00011773641433031165", "Taxonomy": "Viruses =dsDNA viruses no RNA stage =Caudovirales =Siphoviridae =N/A =N/A =Propionibacterium phage PHL111M01 "}, {"GRA": "0.008054216585052289", "Taxonomy": "Viruses =dsDNA viruses no RNA stage =Caudovirales =Siphoviridae =N/A =N/A =Lactococcus phage bIL310 "}, {"GRA": "3.188603596373092e-05", "Taxonomy": "Viruses =ssDNA viruses =N/A =Geminiviridae =N/A =Begomovirus =Cucurbit leaf crumple virus "}, {"GRA": "7.513958176648897e-05", "Taxonomy": "Viruses =dsDNA viruses no RNA stage =Caudovirales =Siphoviridae =N/A =Lambdalikevirus =Escherichia phage HK75 "}, {"GRA": "0.04119727580706032", "Taxonomy": "Viruses =dsDNA viruses no RNA stage =Caudovirales =Siphoviridae =N/A =N/A =Lactococcus phage Tuc2009 "}, {"GRA": "3.2973783805394074e-05", "Taxonomy": "Viruses =dsDNA viruses no RNA stage =Caudovirales =Siphoviridae =N/A =Lambdalikevirus =Pseudomonas phage MP42 "}, {"GRA": "3.2555786662264175e-05", "Taxonomy": "Viruses =dsDNA viruses no RNA stage =Caudovirales =Siphoviridae =N/A =N/A =Propionibacterium phage PHL067M10 "}, {"GRA": "0.00016103059581320446", "Taxonomy": "Viruses =ssDNA viruses =N/A =Inoviridae =N/A =Inovirus =Enterobacteria phage M13 "}, {"GRA": "0.00016103059581320446", "Taxonomy": "Viruses =dsDNA viruses no RNA stage =Caudovirales =Siphoviridae =N/A =Lambdalikevirus =Escherichia phage HK639 "}, {"GRA": "7.044904324807258e-07", "Taxonomy": "Viruses =dsDNA viruses no RNA stage =Caudovirales =Podoviridae =N/A =P22likevirus =Salmonella phage g341c "}, {"GRA": "0.0022089400230268148", "Taxonomy": "Viruses =dsDNA viruses no RNA stage =Caudovirales =Siphoviridae =N/A =N/A =Lactobacillus phage LL-H "}, {"GRA": "4.2535483416351245e-05", "Taxonomy": "Viruses =ssDNA viruses =N/A =Geminiviridae =N/A =Begomovirus =Tomato yellow margin leaf curl virus "}, {"GRA": "0.0004823872970071326", "Taxonomy": "Viruses =dsDNA viruses no RNA stage =Caudovirales =Podoviridae =N/A =P22likevirus =Salmonella phage epsilon34 "}, {"GRA": "0.0006441223832528178", "Taxonomy": "Viruses =dsDNA viruses no RNA stage =Caudovirales =Siphoviridae =N/A =N/A =Leuconostoc phage phiLN25 "}, {"GRA": "5.811729080554756e-05", "Taxonomy": "Viruses =dsDNA viruses no RNA stage =Caudovirales =Siphoviridae =N/A =N/A =Propionibacterium phage P101A "}, {"GRA": "0.0003220611916264089", "Taxonomy": "Viruses =dsDNA viruses no RNA stage =Caudovirales =Siphoviridae =N/A =Phijlunalikevirus =Lactobacillus phage ATCC8014 "}, {"GRA": "0.00016103059581320446", "Taxonomy": "Viruses =dsDNA viruses no RNA stage =Caudovirales =Siphoviridae =N/A =N/A =Paenibacillus phage PG1 "}, {"GRA": "0.0039056194645885616", "Taxonomy": "Viruses =dsDNA viruses no RNA stage =N/A =Polyomaviridae =N/A =Polyomavirus =BK polyomavirus "}, {"GRA": "0.00016103059581320446", "Taxonomy": "Viruses =dsDNA viruses no RNA stage =Caudovirales =Podoviridae =N/A =N/A =Acinetobacter phage Bphi-B1251 "}, {"GRA": "0.00010830519806601778", "Taxonomy": "Viruses =dsDNA viruses no RNA stage =Caudovirales =Siphoviridae =N/A =Chilikevirus =Salmonella phage FSLSP030 "}, {"GRA": "3.333667198218682e-05", "Taxonomy": "Viruses =dsDNA viruses no RNA stage =Caudovirales =Siphoviridae =N/A =Lambdalikevirus =Enterobacteria phage HK446 "}, {"GRA": "0.00016103059581320446", "Taxonomy": "Viruses =dsDNA viruses no RNA stage =N/A =Baculoviridae =N/A =Alphabaculovirus =Spodoptera litura nucleopolyhedrovirus II "}, {"GRA": "0.00016103059581320446", "Taxonomy": "Viruses =dsDNA viruses no RNA stage =Caudovirales =Siphoviridae =N/A =N/A =Streptococcus phage 5093 "}, {"GRA": "0.0001052169614628365", "Taxonomy": "Viruses =dsDNA viruses no RNA stage =Caudovirales =Podoviridae =N/A =Bppunalikevirus =Bordetella phage BMP-1 "}, {"GRA": "0.00579710144927536", "Taxonomy": "Viruses =ssDNA viruses =N/A =Parvoviridae =N/A =N/A =Parvovirus NIH-CQV "}, {"GRA": "4.49094085811275e-06", "Taxonomy": "Viruses =dsDNA viruses no RNA stage =N/A =Adenoviridae =N/A =N/A =Titi monkey adenovirus ECC-2011 "}, {"GRA": "0.00016103059581320446", "Taxonomy": "Viruses =dsDNA viruses no RNA stage =Caudovirales =Myoviridae =N/A =N/A =Acinetobacter phage YMC-13-01-C62 "}, {"GRA": "0.0016103059581320447", "Taxonomy": "Viruses =unclassified phages =N/A =N/A =N/A =N/A =Streptococcus phage 20617 "}, {"GRA": "0.003502800093465965", "Taxonomy": "Viruses =Retro-transcribing viruses =N/A =Retroviridae =N/A =Gammaretrovirus =Murine osteosarcoma virus "}, {"GRA": "0.0010894352667533123", "Taxonomy": "Viruses =dsDNA viruses no RNA stage =Caudovirales =Myoviridae =N/A =Punalikevirus =Enterobacteria phage P1 "}, {"GRA": "0.00016103059581320446", "Taxonomy": "Viruses =dsDNA viruses no RNA stage =Caudovirales =Podoviridae =N/A =Phikmvlikevirus =Burkholderia phage JG068 "}, {"GRA": "0.00016103059581320446", "Taxonomy": "Viruses =dsDNA viruses no RNA stage =Herpesvirales =Alloherpesviridae =N/A =Ictalurivirus =Ictalurid herpesvirus 1 "}, {"GRA": "0.0002798462706111591", "Taxonomy": "Viruses =dsDNA viruses no RNA stage =N/A =Polyomaviridae =N/A =Polyomavirus =JC polyomavirus "}, {"GRA": "2.3009626623064665e-05", "Taxonomy": "Viruses =dsDNA viruses no RNA stage =Caudovirales =Siphoviridae =N/A =N/A =Enterobacteria phage HK544 "}, {"GRA": "0.01174859279259609", "Taxonomy": "Viruses =dsDNA viruses no RNA stage =Caudovirales =Siphoviridae =N/A =N/A =Lactococcus phage bIL312 "}, {"GRA": "0.00011153953849211302", "Taxonomy": "Viruses =dsDNA viruses no RNA stage =Caudovirales =Siphoviridae =N/A =Chilikevirus =Salmonella phage iEPS5 "}, {"GRA": "5.788870403719399e-05", "Taxonomy": "Viruses =dsDNA viruses no RNA stage =Caudovirales =Siphoviridae =N/A =N/A =Propionibacterium phage ATCC29399B_C "}, {"GRA": "0.00016103059581320446", "Taxonomy": "Viruses =dsDNA viruses no RNA stage =Caudovirales =Podoviridae =N/A =N/A =Pseudomonas phage F116 "}, {"GRA": "1.693721298325289e-05", "Taxonomy": "Viruses =dsDNA viruses no RNA stage =Caudovirales =Siphoviridae =N/A =N/A =Lactobacillus phage Lrm1 "}, {"GRA": "0.002688721173959403", "Taxonomy": "Viruses =dsDNA viruses no RNA stage =Caudovirales =Siphoviridae =N/A =N/A =Lactococcus phage r1t "}, {"GRA": "0.004991948470209338", "Taxonomy": "Viruses =dsDNA viruses no RNA stage =N/A =Baculoviridae =N/A =Betabaculovirus =Choristoneura occidentalis granulovirus "}, {"GRA": "0.005354643419310154", "Taxonomy": "Viruses =dsDNA viruses no RNA stage =Caudovirales =Siphoviridae =N/A =N/A =Lactococcus phage bIL309 "}, {"GRA": "7.817176740416298e-05", "Taxonomy": "Viruses =dsDNA viruses no RNA stage =Caudovirales =Myoviridae =N/A =T4likevirus =Enterobacteria phage HX01 "}, {"GRA": "0.00016103059581320446", "Taxonomy": "Viruses =dsDNA viruses no RNA stage =Caudovirales =Myoviridae =N/A =N/A =Iodobacteriophage phiPLPE "}, {"GRA": "0.0006562632195567397", "Taxonomy": "Viruses =dsDNA viruses no RNA stage =Caudovirales =Siphoviridae =N/A =N/A =Lactococcus phage 949 "}, {"GRA": "0.00016103059581320446", "Taxonomy": "Viruses =dsDNA viruses no RNA stage =N/A =Phycodnaviridae =N/A =N/A =Ostreococcus virus OsV5 "}, {"GRA": "0.00014281275198620781", "Taxonomy": "Viruses =dsDNA viruses no RNA stage =Caudovirales =Siphoviridae =N/A =Skunalikevirus =Lactococcus phage SK1 "}, {"GRA": "0.00725382077280935", "Taxonomy": "Viruses =dsDNA viruses no RNA stage =Caudovirales =Siphoviridae =N/A =N/A =Lactococcus phage bIL285 "}, {"GRA": "0.00016103059581320446", "Taxonomy": "Viruses =dsDNA viruses no RNA stage =Herpesvirales =Herpesviridae =N/A =Cytomegalovirus =Human herpesvirus 5 "}, {"GRA": "0.00028372563927049545", "Taxonomy": "Viruses =dsDNA viruses no RNA stage =Caudovirales =Siphoviridae =N/A =Chilikevirus =Salmonella phage SPN19 "}, {"GRA": "0.00016103059581320446", "Taxonomy": "Viruses =dsDNA viruses no RNA stage =Herpesvirales =Herpesviridae =N/A =Mardivirus =Gallid herpesvirus 2 "}, {"GRA": "2.4874231253747376e-05", "Taxonomy": "Viruses =dsDNA viruses no RNA stage =Caudovirales =Siphoviridae =N/A =N/A =Propionibacterium phage P14.4 "}, {"GRA": "0.0008927180158622986", "Taxonomy": "Viruses =dsDNA viruses no RNA stage =Caudovirales =Siphoviridae =N/A =Skunalikevirus =Lactococcus phage jj50 "}, {"GRA": "0.0012004041052895487", "Taxonomy": "Viruses =ssDNA viruses =N/A =Anelloviridae =N/A =Alphatorquevirus =Torque teno virus 14 "}, {"GRA": "0.0036801188207716494", "Taxonomy": "Viruses =dsDNA viruses no RNA stage =Caudovirales =Siphoviridae =N/A =N/A =Lactococcus phage phiLC3 "}, {"GRA": "0.00030876422657340983", "Taxonomy": "Viruses =dsDNA viruses no RNA stage =Caudovirales =Podoviridae =N/A =Bppunalikevirus =Burkholderia phage BcepC6B "}, {"GRA": "4.583791762566312e-06", "Taxonomy": "Viruses =ssDNA viruses =N/A =Anelloviridae =N/A =Alphatorquevirus =Torque teno virus 26 "}, {"GRA": "0.043236982450202265", "Taxonomy": "Viruses =ssDNA viruses =N/A =Anelloviridae =N/A =Alphatorquevirus =Torque teno virus 15 "}, {"GRA": "3.1832238871908876e-05", "Taxonomy": "Viruses =dsDNA viruses no RNA stage =Caudovirales =Siphoviridae =N/A =N/A =Pseudomonas phage JBD30 "}, {"GRA": "0.00016103059581320446", "Taxonomy": "Viruses =dsDNA viruses no RNA stage =N/A =N/A =N/A =N/A =Flavobacterium phage 6H "}, {"GRA": "0.050363573116497355", "Taxonomy": "Viruses =dsDNA viruses no RNA stage =Caudovirales =Siphoviridae =N/A =N/A =Leuconostoc phage P793 "}, {"GRA": "0.0006441223832528178", "Taxonomy": "Viruses =dsDNA viruses no RNA stage =Caudovirales =Siphoviridae =N/A =Phijlunalikevirus =Lactobacillus phage phijl1 "}, {"GRA": "0.039590711378232606", "Taxonomy": "Viruses =dsDNA viruses no RNA stage =Caudovirales =Siphoviridae =N/A =N/A =Leuconostoc phage Lmd1 "}, {"GRA": "0.0004054868861253821", "Taxonomy": "Viruses =dsDNA viruses no RNA stage =Caudovirales =Siphoviridae =N/A =N/A =Lactococcus phage 340 "}, {"GRA": "0.00016103059581320446", "Taxonomy": "Viruses =dsDNA viruses no RNA stage =Caudovirales =Siphoviridae =N/A =N/A =Lactobacillus phage Sha1 "}, {"GRA": "0.00016103059581320446", "Taxonomy": "Viruses =ssRNA viruses =Mononegavirales =Rhabdoviridae =N/A =Vesiculovirus =Vesicular stomatitis Indiana virus "}, {"GRA": "6.574817638375193e-05", "Taxonomy": "Viruses =dsDNA viruses no RNA stage =Caudovirales =Siphoviridae =N/A =N/A =Pseudomonas phage MP1412 "}, {"GRA": "0.00016103059581320446", "Taxonomy": "Viruses =dsDNA viruses no RNA stage =Caudovirales =Siphoviridae =N/A =N/A =Propionibacterium phage PHL114L00 "}, {"GRA": "0.00016103059581320446", "Taxonomy": "Viruses =dsDNA viruses no RNA stage =Caudovirales =Myoviridae =N/A =P2likevirus =Enterobacteria phage P4 "}, {"GRA": "0.00016228461744354083", "Taxonomy": "Viruses =dsDNA viruses no RNA stage =N/A =Polyomaviridae =N/A =Polyomavirus =Simian virus 12 "}, {"GRA": "0.00016103059581320446", "Taxonomy": "Viruses =dsDNA viruses no RNA stage =Caudovirales =Siphoviridae =N/A =N/A =Lactobacillus phage phig1e "}, {"GRA": "0.00014631176799784982", "Taxonomy": "Viruses =dsDNA viruses no RNA stage =Caudovirales =Myoviridae =N/A =T4likevirus =Synechococcus phage ACG-2014j "}, {"GRA": "8.285882840904146e-05", "Taxonomy": "Viruses =dsDNA viruses no RNA stage =Caudovirales =Myoviridae =N/A =T4likevirus =Enterobacteria phage RB3 "}, {"GRA": "0.00018734081422824855", "Taxonomy": "Viruses =Retro-transcribing viruses =N/A =Retroviridae =N/A =Gammaretrovirus =Moloney murine sarcoma virus "}, {"GRA": "8.225602065091436e-06", "Taxonomy": "Viruses =ssDNA viruses =N/A =Anelloviridae =N/A =Alphatorquevirus =Simian torque teno virus 34 "}, {"GRA": "0.0015796009047213718", "Taxonomy": "Viruses =dsDNA viruses no RNA stage =Caudovirales =Siphoviridae =N/A =Sfi1unalikevirus =Streptococcus phage 2972 "}, {"GRA": "0.00016103059581320446", "Taxonomy": "Viruses =dsDNA viruses no RNA stage =Caudovirales =Podoviridae =N/A =Epsilon15likevirus =Escherichia phage phiV10 "}, {"GRA": "8.048972500560543e-05", "Taxonomy": "Viruses =dsDNA viruses no RNA stage =N/A =N/A =N/A =N/A =Sulfitobacter phage pCB2047-C "}, {"GRA": "5.990915656067153e-05", "Taxonomy": "Viruses =dsDNA viruses no RNA stage =Caudovirales =Siphoviridae =N/A =N/A =Propionibacterium phage P100_A "}, {"GRA": "0.00016103059581320446", "Taxonomy": "Viruses =dsDNA viruses no RNA stage =N/A =N/A =N/A =N/A =Pseudomonas phage vB_PaeP_Tr60_Ab31 "}, {"GRA": "0.00016103059581320446", "Taxonomy": "Viruses =dsDNA viruses no RNA stage =N/A =Mimiviridae =N/A =N/A =Acanthamoeba polyphaga moumouvirus "}]